productName,price,description,picture,stock
Puerto Rico Necklace Fern,"91,65",odio consequat varius integer ac leo pellentesque ultrices mattis odio donec vitae nisi nam ultrices libero non mattis pulvinar,,5
Round-leaf Star Orchid,"98,70",lorem vitae mattis nibh ligula nec sem duis aliquam convallis nunc proin at turpis a pede posuere nonummy integer non velit donec,,4
Rinodina Lichen,"90,15",aliquet maecenas leo odio condimentum id luctus nec molestie sed justo pellentesque viverra pede,,1
Cumberland Sedge,"33,04",eget orci vehicula condimentum curabitur in libero ut massa volutpat convallis morbi odio odio elementum eu interdum eu tincidunt in leo,,1
Blepharizonia,"34,69",proin eu mi nulla ac enim in tempor turpis nec,,7
Endolepis,"49,11",pellentesque volutpat dui maecenas tristique est et tempus semper est quam pharetra magna ac consequat metus sapien ut nunc vestibulum ante ipsum primis,,10
Limestone Senna,"66,45",habitasse platea dictumst etiam faucibus cursus urna ut tellus nulla ut erat id mauris vulputate elementum nullam varius nulla facilisi cras non velit nec nisi vulputate nonummy maecenas,,8
Luquillo Mountain Holly,"22,66",vulputate ut ultrices vel augue vestibulum ante ipsum primis in faucibus orci luctus et ultrices,,2
Turpentine Weed,"57,07",rutrum neque aenean auctor gravida sem praesent id massa id nisl venenatis lacinia aenean sit amet justo morbi ut odio cras mi pede malesuada in imperdiet,,9
Hill's Lupine,"3,79",nullam sit amet turpis elementum ligula vehicula consequat morbi a ipsum,,5
